{"simple_lstm_no_training": [1.3370430376984581, 0.6917017102241516], "wide_lstm_no_training": [1.2875448974218828, 0.7208710312843323], "simple_lstm_transfer-frozen": [0.44321441335474765, 0.8381949067115784], "lstm_trained_simple": [0.40436392609010746, 0.8557692170143127], "wide_lstm_transfer-frozen": [0.30869035286806, 0.8860294222831726], "simple_lstm_transfer-unfrozen": [0.30477137727250614, 0.8943115472793579], "wide_lstm_transfer-unfrozen": [0.27770576489295085, 0.9071590304374695]}