{"simple_lstm_no_training": [1.3370430376984581, 0.6917017102241516], "wide_lstm_no_training": [2.417518213804826, 0.6473416090011597], "simple_lstm_transfer": [0.4428925401541394, 0.8361748456954956], "lstm_trained_simple": [0.3312404110627977, 0.8804945349693298], "wide_lstm_transfer-frozen": [0.9892274546060704, 0.6392614841461182], "simple_lstm_transfer-unfrozen": [0.30065161480718705, 0.8960487842559814]}